-2.147483647000000000e+09,-2.147483647000000000e+09,-2.147483647000000000e+09,-2.147483647000000000e+09,-2.147483647000000000e+09,-2.147483647000000000e+09,-2.147483647000000000e+09,-2.147483647000000000e+09,-2.147483647000000000e+09,-1.084597923303272315e+00,-2.147483647000000000e+09,-2.147483647000000000e+09,-2.147483647000000000e+09,-2.147483647000000000e+09,-2.147483647000000000e+09,-2.147483647000000000e+09,-2.147483647000000000e+09,-2.147483647000000000e+09,-2.147483647000000000e+09,-1.781199966832357706e+00,-2.147483647000000000e+09,-2.147483647000000000e+09,-1.793294671715702560e+00,-2.147483647000000000e+09,-1.805537451231379986e+00,-2.147483647000000000e+09,-1.815666969470235648e+00,-2.147483647000000000e+09,-2.147483647000000000e+09,-2.147483647000000000e+09,-2.147483647000000000e+09,-2.147483647000000000e+09,-2.147483647000000000e+09,-2.147483647000000000e+09
-2.147483647000000000e+09,-2.147483647000000000e+09,-1.182091533198665889e+00,-2.147483647000000000e+09,-2.147483647000000000e+09,-1.484436224335466070e+00,-2.147483647000000000e+09,-2.147483647000000000e+09,-2.147483647000000000e+09,-2.147483647000000000e+09,-2.147483647000000000e+09,-1.840849079424578649e+00,-2.147483647000000000e+09,-2.147483647000000000e+09,-2.147483647000000000e+09,-2.147483647000000000e+09,-2.147483647000000000e+09,-2.147483647000000000e+09,-2.147483647000000000e+09,-2.147483647000000000e+09,-2.147483647000000000e+09,-2.147483647000000000e+09,-2.147483647000000000e+09,-2.147483647000000000e+09,-2.147483647000000000e+09,-2.147483647000000000e+09,-2.147483647000000000e+09,-2.147483647000000000e+09,-2.147483647000000000e+09,-2.528768856549372224e+00,-2.555183493203967870e+00,-2.597836213157955321e+00,-2.574643566758680002e+00,-2.147483647000000000e+09
-2.147483647000000000e+09,-2.147483647000000000e+09,-2.147483647000000000e+09,-2.147483647000000000e+09,-2.147483647000000000e+09,-2.147483647000000000e+09,-2.147483647000000000e+09,-2.147483647000000000e+09,-1.700082078570534838e+00,-2.147483647000000000e+09,-2.147483647000000000e+09,-2.147483647000000000e+09,-2.147483647000000000e+09,-2.350032217932887413e+00,-2.361370207870284066e+00,-2.147483647000000000e+09,-2.147483647000000000e+09,-2.405666493775260761e+00,-2.397357840636243687e+00,-2.147483647000000000e+09,-2.379782695814736115e+00,-2.379782695814736115e+00,-2.147483647000000000e+09,-2.438376860080789132e+00,-2.147483647000000000e+09,-2.469648951825063499e+00,-2.147483647000000000e+09,-2.414044759421258401e+00,-2.147483647000000000e+09,-2.147483647000000000e+09,-2.147483647000000000e+09,-2.147483647000000000e+09,-2.147483647000000000e+09,-2.147483647000000000e+09
-2.147483647000000000e+09,-2.147483647000000000e+09,-1.159692161397735788e+00,-2.147483647000000000e+09,-2.147483647000000000e+09,-1.469911067181524089e+00,-2.147483647000000000e+09,-2.147483647000000000e+09,-2.147483647000000000e+09,-2.147483647000000000e+09,-2.147483647000000000e+09,-1.913771892952838671e+00,-2.147483647000000000e+09,-2.147483647000000000e+09,-2.147483647000000000e+09,-2.147483647000000000e+09,-2.147483647000000000e+09,-2.147483647000000000e+09,-2.147483647000000000e+09,-2.147483647000000000e+09,-2.147483647000000000e+09,-2.147483647000000000e+09,-2.147483647000000000e+09,-2.147483647000000000e+09,-2.147483647000000000e+09,-2.147483647000000000e+09,-2.147483647000000000e+09,-2.147483647000000000e+09,-2.147483647000000000e+09,-2.502606226887401419e+00,-2.536879629455161211e+00,-2.552340232561539413e+00,-2.658330471162090092e+00,-2.147483647000000000e+09
-2.147483647000000000e+09,-2.147483647000000000e+09,-2.147483647000000000e+09,-2.147483647000000000e+09,-2.147483647000000000e+09,-2.147483647000000000e+09,-2.147483647000000000e+09,-2.147483647000000000e+09,-2.147483647000000000e+09,-2.147483647000000000e+09,-2.147483647000000000e+09,-2.147483647000000000e+09,-2.147483647000000000e+09,-2.147483647000000000e+09,-2.147483647000000000e+09,-2.147483647000000000e+09,-2.147483647000000000e+09,-2.147483647000000000e+09,-2.147483647000000000e+09,-2.147483647000000000e+09,-2.147483647000000000e+09,-2.147483647000000000e+09,-2.147483647000000000e+09,-2.147483647000000000e+09,-2.147483647000000000e+09,-2.147483647000000000e+09,-2.147483647000000000e+09,-2.147483647000000000e+09,-2.147483647000000000e+09,-2.147483647000000000e+09,-2.147483647000000000e+09,-2.147483647000000000e+09,-2.147483647000000000e+09,-2.147483647000000000e+09
-2.147483647000000000e+09,-2.147483647000000000e+09,-2.147483647000000000e+09,-2.147483647000000000e+09,-2.147483647000000000e+09,-2.147483647000000000e+09,-2.147483647000000000e+09,-2.147483647000000000e+09,-1.703653960322862648e+00,-2.147483647000000000e+09,-2.147483647000000000e+09,-2.147483647000000000e+09,-2.147483647000000000e+09,-2.405661448545208358e+00,-2.370681729649181335e+00,-2.147483647000000000e+09,-2.147483647000000000e+09,-2.386430086617320701e+00,-2.380100951565673029e+00,-2.147483647000000000e+09,-2.380100951565673029e+00,-2.441909238937549187e+00,-2.147483647000000000e+09,-2.395999537633471288e+00,-2.147483647000000000e+09,-2.399209813263719848e+00,-2.147483647000000000e+09,-2.425269919933584539e+00,-2.147483647000000000e+09,-2.147483647000000000e+09,-2.147483647000000000e+09,-2.147483647000000000e+09,-2.147483647000000000e+09,-2.147483647000000000e+09
-2.147483647000000000e+09,-2.147483647000000000e+09,-1.161908093807839659e+00,-2.147483647000000000e+09,-2.147483647000000000e+09,-1.481234923474064047e+00,-2.147483647000000000e+09,-2.147483647000000000e+09,-2.147483647000000000e+09,-2.147483647000000000e+09,-2.147483647000000000e+09,-1.849699075167260176e+00,-2.147483647000000000e+09,-2.147483647000000000e+09,-2.147483647000000000e+09,-2.147483647000000000e+09,-2.147483647000000000e+09,-2.147483647000000000e+09,-2.147483647000000000e+09,-2.147483647000000000e+09,-2.147483647000000000e+09,-2.147483647000000000e+09,-2.147483647000000000e+09,-2.147483647000000000e+09,-2.147483647000000000e+09,-2.147483647000000000e+09,-2.147483647000000000e+09,-2.147483647000000000e+09,-2.147483647000000000e+09,-2.562264341584306937e+00,-2.618270017544447104e+00,-2.600004669567153925e+00,-2.549277146057495891e+00,-2.147483647000000000e+09
-2.147483647000000000e+09,-2.147483647000000000e+09,-2.147483647000000000e+09,-2.147483647000000000e+09,0.000000000000000000e+00,-2.147483647000000000e+09,-2.147483647000000000e+09,-2.147483647000000000e+09,-2.147483647000000000e+09,-2.147483647000000000e+09,-2.147483647000000000e+09,-2.147483647000000000e+09,-2.147483647000000000e+09,-2.147483647000000000e+09,-2.147483647000000000e+09,-2.147483647000000000e+09,-2.147483647000000000e+09,-2.147483647000000000e+09,-2.147483647000000000e+09,-2.147483647000000000e+09,-2.147483647000000000e+09,-2.147483647000000000e+09,-2.147483647000000000e+09,-2.147483647000000000e+09,-2.147483647000000000e+09,-2.147483647000000000e+09,-2.147483647000000000e+09,-2.147483647000000000e+09,-2.147483647000000000e+09,-2.147483647000000000e+09,-2.147483647000000000e+09,-2.147483647000000000e+09,-2.147483647000000000e+09,-2.147483647000000000e+09
0.000000000000000000e+00,-2.147483647000000000e+09,-2.147483647000000000e+09,-2.147483647000000000e+09,-2.147483647000000000e+09,-2.147483647000000000e+09,-2.147483647000000000e+09,-2.147483647000000000e+09,-2.147483647000000000e+09,-2.147483647000000000e+09,-2.147483647000000000e+09,-2.147483647000000000e+09,-2.147483647000000000e+09,-2.147483647000000000e+09,-2.147483647000000000e+09,-2.147483647000000000e+09,-2.147483647000000000e+09,-2.147483647000000000e+09,-2.147483647000000000e+09,-2.147483647000000000e+09,-2.147483647000000000e+09,-2.147483647000000000e+09,-2.147483647000000000e+09,-2.147483647000000000e+09,-2.147483647000000000e+09,-2.147483647000000000e+09,-2.147483647000000000e+09,-2.147483647000000000e+09,-2.147483647000000000e+09,-2.147483647000000000e+09,-2.147483647000000000e+09,-2.147483647000000000e+09,-2.147483647000000000e+09,-2.147483647000000000e+09
-2.147483647000000000e+09,-2.147483647000000000e+09,-2.147483647000000000e+09,-2.147483647000000000e+09,-2.147483647000000000e+09,-2.147483647000000000e+09,-2.147483647000000000e+09,-2.147483647000000000e+09,-2.147483647000000000e+09,-2.147483647000000000e+09,-2.147483647000000000e+09,-2.147483647000000000e+09,-2.147483647000000000e+09,-2.147483647000000000e+09,-2.147483647000000000e+09,-2.147483647000000000e+09,-2.147483647000000000e+09,-2.147483647000000000e+09,-2.147483647000000000e+09,-2.147483647000000000e+09,-2.147483647000000000e+09,-2.147483647000000000e+09,-2.147483647000000000e+09,-2.147483647000000000e+09,-2.147483647000000000e+09,-2.147483647000000000e+09,-2.147483647000000000e+09,-2.147483647000000000e+09,-2.147483647000000000e+09,-2.147483647000000000e+09,-2.147483647000000000e+09,-2.147483647000000000e+09,-2.147483647000000000e+09,-2.147483647000000000e+09
-2.147483647000000000e+09,-2.147483647000000000e+09,-2.147483647000000000e+09,-2.147483647000000000e+09,-6.691027075371605015e-01,-2.147483647000000000e+09,-2.147483647000000000e+09,-2.147483647000000000e+09,-2.147483647000000000e+09,-2.147483647000000000e+09,-2.147483647000000000e+09,-2.147483647000000000e+09,-2.147483647000000000e+09,-2.147483647000000000e+09,-2.147483647000000000e+09,-2.147483647000000000e+09,-2.147483647000000000e+09,-2.147483647000000000e+09,-2.147483647000000000e+09,-2.147483647000000000e+09,-2.147483647000000000e+09,-2.147483647000000000e+09,-2.147483647000000000e+09,-2.147483647000000000e+09,-2.147483647000000000e+09,-2.147483647000000000e+09,-2.147483647000000000e+09,-2.147483647000000000e+09,-7.177840636982157907e-01,-2.147483647000000000e+09,-2.147483647000000000e+09,-2.147483647000000000e+09,-2.147483647000000000e+09,-2.147483647000000000e+09
-2.147483647000000000e+09,-2.147483647000000000e+09,-2.147483647000000000e+09,-2.147483647000000000e+09,-2.147483647000000000e+09,-2.147483647000000000e+09,-2.147483647000000000e+09,-2.147483647000000000e+09,-1.676270012558770839e+00,-2.147483647000000000e+09,-2.147483647000000000e+09,-2.147483647000000000e+09,-2.147483647000000000e+09,-2.303874583823917188e+00,-2.356867113964427940e+00,-2.147483647000000000e+09,-2.147483647000000000e+09,-2.314685499928132995e+00,-2.432196833368472255e+00,-2.147483647000000000e+09,-2.434644815007112051e+00,-2.427318774915038890e+00,-2.147483647000000000e+09,-2.434644815007112051e+00,-2.147483647000000000e+09,-2.479765250287581768e+00,-2.147483647000000000e+09,-2.472102377542012341e+00,-2.147483647000000000e+09,-2.147483647000000000e+09,-2.147483647000000000e+09,-2.147483647000000000e+09,-2.147483647000000000e+09,-2.147483647000000000e+09
-2.147483647000000000e+09,-2.147483647000000000e+09,-1.180175395316848341e+00,-2.147483647000000000e+09,-2.147483647000000000e+09,-1.458378723814085509e+00,-2.147483647000000000e+09,-2.147483647000000000e+09,-2.147483647000000000e+09,-2.147483647000000000e+09,-2.147483647000000000e+09,-1.830305190793102943e+00,-2.147483647000000000e+09,-2.147483647000000000e+09,-2.147483647000000000e+09,-2.147483647000000000e+09,-2.147483647000000000e+09,-2.147483647000000000e+09,-2.147483647000000000e+09,-2.147483647000000000e+09,-2.147483647000000000e+09,-2.147483647000000000e+09,-2.147483647000000000e+09,-2.147483647000000000e+09,-2.147483647000000000e+09,-2.147483647000000000e+09,-2.147483647000000000e+09,-2.147483647000000000e+09,-2.147483647000000000e+09,-2.586448223367625587e+00,-2.542581541262043388e+00,-2.595457293309991531e+00,-2.641761861351677343e+00,-2.147483647000000000e+09
-2.147483647000000000e+09,-2.147483647000000000e+09,-2.147483647000000000e+09,-2.147483647000000000e+09,-2.147483647000000000e+09,-2.147483647000000000e+09,-2.147483647000000000e+09,0.000000000000000000e+00,-2.147483647000000000e+09,-2.147483647000000000e+09,-2.147483647000000000e+09,-2.147483647000000000e+09,-2.147483647000000000e+09,-2.147483647000000000e+09,-2.147483647000000000e+09,-2.147483647000000000e+09,-2.147483647000000000e+09,-2.147483647000000000e+09,-2.147483647000000000e+09,-2.147483647000000000e+09,-2.147483647000000000e+09,-2.147483647000000000e+09,-2.147483647000000000e+09,-2.147483647000000000e+09,-2.147483647000000000e+09,-2.147483647000000000e+09,-2.147483647000000000e+09,-2.147483647000000000e+09,-2.147483647000000000e+09,-2.147483647000000000e+09,-2.147483647000000000e+09,-2.147483647000000000e+09,-2.147483647000000000e+09,-2.147483647000000000e+09
-2.147483647000000000e+09,-2.147483647000000000e+09,-2.147483647000000000e+09,-2.147483647000000000e+09,-2.147483647000000000e+09,-2.147483647000000000e+09,-2.147483647000000000e+09,-2.147483647000000000e+09,-2.147483647000000000e+09,-2.147483647000000000e+09,-2.147483647000000000e+09,-2.147483647000000000e+09,-2.147483647000000000e+09,-2.147483647000000000e+09,-2.147483647000000000e+09,0.000000000000000000e+00,-2.147483647000000000e+09,-2.147483647000000000e+09,-2.147483647000000000e+09,-2.147483647000000000e+09,-2.147483647000000000e+09,-2.147483647000000000e+09,-2.147483647000000000e+09,-2.147483647000000000e+09,-2.147483647000000000e+09,-2.147483647000000000e+09,-2.147483647000000000e+09,-2.147483647000000000e+09,-2.147483647000000000e+09,-2.147483647000000000e+09,-2.147483647000000000e+09,-2.147483647000000000e+09,-2.147483647000000000e+09,-2.147483647000000000e+09
-2.147483647000000000e+09,-2.147483647000000000e+09,-2.147483647000000000e+09,-2.147483647000000000e+09,-2.147483647000000000e+09,-2.147483647000000000e+09,-2.147483647000000000e+09,-2.147483647000000000e+09,-2.147483647000000000e+09,-2.147483647000000000e+09,-2.147483647000000000e+09,-2.147483647000000000e+09,-2.147483647000000000e+09,-2.147483647000000000e+09,-2.147483647000000000e+09,-2.147483647000000000e+09,0.000000000000000000e+00,-2.147483647000000000e+09,-2.147483647000000000e+09,-2.147483647000000000e+09,-2.147483647000000000e+09,-2.147483647000000000e+09,-2.147483647000000000e+09,-2.147483647000000000e+09,-2.147483647000000000e+09,-2.147483647000000000e+09,-2.147483647000000000e+09,-2.147483647000000000e+09,-2.147483647000000000e+09,-2.147483647000000000e+09,-2.147483647000000000e+09,-2.147483647000000000e+09,-2.147483647000000000e+09,-2.147483647000000000e+09
-2.147483647000000000e+09,-2.147483647000000000e+09,-2.147483647000000000e+09,-2.147483647000000000e+09,-2.147483647000000000e+09,-2.147483647000000000e+09,-2.147483647000000000e+09,-2.147483647000000000e+09,-2.147483647000000000e+09,-2.147483647000000000e+09,-2.147483647000000000e+09,-2.147483647000000000e+09,-2.147483647000000000e+09,-2.147483647000000000e+09,-2.147483647000000000e+09,-2.147483647000000000e+09,-2.147483647000000000e+09,-2.147483647000000000e+09,-2.147483647000000000e+09,-2.147483647000000000e+09,-2.147483647000000000e+09,-2.147483647000000000e+09,-2.147483647000000000e+09,-2.147483647000000000e+09,-2.147483647000000000e+09,-2.147483647000000000e+09,-2.147483647000000000e+09,-2.147483647000000000e+09,-2.147483647000000000e+09,-2.147483647000000000e+09,-2.147483647000000000e+09,-2.147483647000000000e+09,-2.147483647000000000e+09,-2.147483647000000000e+09
-2.147483647000000000e+09,-2.147483647000000000e+09,-2.147483647000000000e+09,-2.147483647000000000e+09,-2.147483647000000000e+09,-2.147483647000000000e+09,-2.147483647000000000e+09,-2.147483647000000000e+09,-2.147483647000000000e+09,-2.147483647000000000e+09,0.000000000000000000e+00,-2.147483647000000000e+09,-2.147483647000000000e+09,-2.147483647000000000e+09,-2.147483647000000000e+09,-2.147483647000000000e+09,-2.147483647000000000e+09,-2.147483647000000000e+09,-2.147483647000000000e+09,-2.147483647000000000e+09,-2.147483647000000000e+09,-2.147483647000000000e+09,-2.147483647000000000e+09,-2.147483647000000000e+09,-2.147483647000000000e+09,-2.147483647000000000e+09,-2.147483647000000000e+09,-2.147483647000000000e+09,-2.147483647000000000e+09,-2.147483647000000000e+09,-2.147483647000000000e+09,-2.147483647000000000e+09,-2.147483647000000000e+09,-2.147483647000000000e+09
0.000000000000000000e+00,-2.147483647000000000e+09,-2.147483647000000000e+09,-2.147483647000000000e+09,-2.147483647000000000e+09,-2.147483647000000000e+09,-2.147483647000000000e+09,-2.147483647000000000e+09,-2.147483647000000000e+09,-2.147483647000000000e+09,-2.147483647000000000e+09,-2.147483647000000000e+09,-2.147483647000000000e+09,-2.147483647000000000e+09,-2.147483647000000000e+09,-2.147483647000000000e+09,-2.147483647000000000e+09,-2.147483647000000000e+09,-2.147483647000000000e+09,-2.147483647000000000e+09,-2.147483647000000000e+09,-2.147483647000000000e+09,-2.147483647000000000e+09,-2.147483647000000000e+09,-2.147483647000000000e+09,-2.147483647000000000e+09,-2.147483647000000000e+09,-2.147483647000000000e+09,-2.147483647000000000e+09,-2.147483647000000000e+09,-2.147483647000000000e+09,-2.147483647000000000e+09,-2.147483647000000000e+09,-2.147483647000000000e+09
-2.147483647000000000e+09,-2.147483647000000000e+09,-2.147483647000000000e+09,-2.147483647000000000e+09,-2.147483647000000000e+09,-2.147483647000000000e+09,-2.147483647000000000e+09,-2.147483647000000000e+09,-2.147483647000000000e+09,-2.147483647000000000e+09,-2.147483647000000000e+09,-2.147483647000000000e+09,-2.147483647000000000e+09,-2.147483647000000000e+09,-2.147483647000000000e+09,-2.147483647000000000e+09,-2.147483647000000000e+09,-2.147483647000000000e+09,-2.147483647000000000e+09,-2.147483647000000000e+09,-2.147483647000000000e+09,-2.147483647000000000e+09,-2.147483647000000000e+09,-2.147483647000000000e+09,-2.147483647000000000e+09,-2.147483647000000000e+09,-2.147483647000000000e+09,-2.147483647000000000e+09,-2.147483647000000000e+09,-2.147483647000000000e+09,-2.147483647000000000e+09,-2.147483647000000000e+09,-2.147483647000000000e+09,-2.147483647000000000e+09
-2.147483647000000000e+09,-2.147483647000000000e+09,-2.147483647000000000e+09,-2.147483647000000000e+09,-2.147483647000000000e+09,-2.147483647000000000e+09,-2.147483647000000000e+09,0.000000000000000000e+00,-2.147483647000000000e+09,-2.147483647000000000e+09,-2.147483647000000000e+09,-2.147483647000000000e+09,-2.147483647000000000e+09,-2.147483647000000000e+09,-2.147483647000000000e+09,-2.147483647000000000e+09,-2.147483647000000000e+09,-2.147483647000000000e+09,-2.147483647000000000e+09,-2.147483647000000000e+09,-2.147483647000000000e+09,-2.147483647000000000e+09,-2.147483647000000000e+09,-2.147483647000000000e+09,-2.147483647000000000e+09,-2.147483647000000000e+09,-2.147483647000000000e+09,-2.147483647000000000e+09,-2.147483647000000000e+09,-2.147483647000000000e+09,-2.147483647000000000e+09,-2.147483647000000000e+09,-2.147483647000000000e+09,-2.147483647000000000e+09
0.000000000000000000e+00,-2.147483647000000000e+09,-2.147483647000000000e+09,-2.147483647000000000e+09,-2.147483647000000000e+09,-2.147483647000000000e+09,-2.147483647000000000e+09,-2.147483647000000000e+09,-2.147483647000000000e+09,-2.147483647000000000e+09,-2.147483647000000000e+09,-2.147483647000000000e+09,-2.147483647000000000e+09,-2.147483647000000000e+09,-2.147483647000000000e+09,-2.147483647000000000e+09,-2.147483647000000000e+09,-2.147483647000000000e+09,-2.147483647000000000e+09,-2.147483647000000000e+09,-2.147483647000000000e+09,-2.147483647000000000e+09,-2.147483647000000000e+09,-2.147483647000000000e+09,-2.147483647000000000e+09,-2.147483647000000000e+09,-2.147483647000000000e+09,-2.147483647000000000e+09,-2.147483647000000000e+09,-2.147483647000000000e+09,-2.147483647000000000e+09,-2.147483647000000000e+09,-2.147483647000000000e+09,-2.147483647000000000e+09
-2.147483647000000000e+09,-2.147483647000000000e+09,-2.147483647000000000e+09,-2.147483647000000000e+09,-2.147483647000000000e+09,-2.147483647000000000e+09,-2.147483647000000000e+09,-2.147483647000000000e+09,-2.147483647000000000e+09,-2.147483647000000000e+09,-2.147483647000000000e+09,-2.147483647000000000e+09,-2.147483647000000000e+09,-2.147483647000000000e+09,-2.147483647000000000e+09,-2.147483647000000000e+09,-2.147483647000000000e+09,-2.147483647000000000e+09,-2.147483647000000000e+09,-2.147483647000000000e+09,-2.147483647000000000e+09,-2.147483647000000000e+09,-2.147483647000000000e+09,-2.147483647000000000e+09,-2.147483647000000000e+09,-2.147483647000000000e+09,-2.147483647000000000e+09,-2.147483647000000000e+09,-2.147483647000000000e+09,-2.147483647000000000e+09,-2.147483647000000000e+09,-2.147483647000000000e+09,-2.147483647000000000e+09,-2.147483647000000000e+09
0.000000000000000000e+00,-2.147483647000000000e+09,-2.147483647000000000e+09,-2.147483647000000000e+09,-2.147483647000000000e+09,-2.147483647000000000e+09,-2.147483647000000000e+09,-2.147483647000000000e+09,-2.147483647000000000e+09,-2.147483647000000000e+09,-2.147483647000000000e+09,-2.147483647000000000e+09,-2.147483647000000000e+09,-2.147483647000000000e+09,-2.147483647000000000e+09,-2.147483647000000000e+09,-2.147483647000000000e+09,-2.147483647000000000e+09,-2.147483647000000000e+09,-2.147483647000000000e+09,-2.147483647000000000e+09,-2.147483647000000000e+09,-2.147483647000000000e+09,-2.147483647000000000e+09,-2.147483647000000000e+09,-2.147483647000000000e+09,-2.147483647000000000e+09,-2.147483647000000000e+09,-2.147483647000000000e+09,-2.147483647000000000e+09,-2.147483647000000000e+09,-2.147483647000000000e+09,-2.147483647000000000e+09,-2.147483647000000000e+09
-2.147483647000000000e+09,-2.147483647000000000e+09,-2.147483647000000000e+09,-2.147483647000000000e+09,-2.147483647000000000e+09,-2.147483647000000000e+09,-2.147483647000000000e+09,-2.147483647000000000e+09,-2.147483647000000000e+09,-2.147483647000000000e+09,-2.147483647000000000e+09,-2.147483647000000000e+09,-2.147483647000000000e+09,-2.147483647000000000e+09,-2.147483647000000000e+09,-2.147483647000000000e+09,-2.147483647000000000e+09,-2.147483647000000000e+09,-2.147483647000000000e+09,-2.147483647000000000e+09,-2.147483647000000000e+09,-2.147483647000000000e+09,-2.147483647000000000e+09,-2.147483647000000000e+09,-2.147483647000000000e+09,-2.147483647000000000e+09,-2.147483647000000000e+09,-2.147483647000000000e+09,-2.147483647000000000e+09,-2.147483647000000000e+09,-2.147483647000000000e+09,-2.147483647000000000e+09,-2.147483647000000000e+09,-2.147483647000000000e+09
0.000000000000000000e+00,-2.147483647000000000e+09,-2.147483647000000000e+09,-2.147483647000000000e+09,-2.147483647000000000e+09,-2.147483647000000000e+09,-2.147483647000000000e+09,-2.147483647000000000e+09,-2.147483647000000000e+09,-2.147483647000000000e+09,-2.147483647000000000e+09,-2.147483647000000000e+09,-2.147483647000000000e+09,-2.147483647000000000e+09,-2.147483647000000000e+09,-2.147483647000000000e+09,-2.147483647000000000e+09,-2.147483647000000000e+09,-2.147483647000000000e+09,-2.147483647000000000e+09,-2.147483647000000000e+09,-2.147483647000000000e+09,-2.147483647000000000e+09,-2.147483647000000000e+09,-2.147483647000000000e+09,-2.147483647000000000e+09,-2.147483647000000000e+09,-2.147483647000000000e+09,-2.147483647000000000e+09,-2.147483647000000000e+09,-2.147483647000000000e+09,-2.147483647000000000e+09,-2.147483647000000000e+09,-2.147483647000000000e+09
-2.147483647000000000e+09,-2.147483647000000000e+09,-2.147483647000000000e+09,-2.147483647000000000e+09,-2.147483647000000000e+09,-2.147483647000000000e+09,-2.147483647000000000e+09,-2.147483647000000000e+09,-2.147483647000000000e+09,-2.147483647000000000e+09,-2.147483647000000000e+09,-2.147483647000000000e+09,-2.147483647000000000e+09,-2.147483647000000000e+09,-2.147483647000000000e+09,-2.147483647000000000e+09,-2.147483647000000000e+09,-2.147483647000000000e+09,-2.147483647000000000e+09,-2.147483647000000000e+09,-2.147483647000000000e+09,-2.147483647000000000e+09,-2.147483647000000000e+09,-2.147483647000000000e+09,-2.147483647000000000e+09,-2.147483647000000000e+09,-2.147483647000000000e+09,-2.147483647000000000e+09,-2.147483647000000000e+09,-2.147483647000000000e+09,-2.147483647000000000e+09,-2.147483647000000000e+09,-2.147483647000000000e+09,-2.147483647000000000e+09
-2.147483647000000000e+09,-2.147483647000000000e+09,-2.147483647000000000e+09,-2.147483647000000000e+09,-2.147483647000000000e+09,-2.147483647000000000e+09,-2.147483647000000000e+09,-2.147483647000000000e+09,-2.147483647000000000e+09,-2.147483647000000000e+09,0.000000000000000000e+00,-2.147483647000000000e+09,-2.147483647000000000e+09,-2.147483647000000000e+09,-2.147483647000000000e+09,-2.147483647000000000e+09,-2.147483647000000000e+09,-2.147483647000000000e+09,-2.147483647000000000e+09,-2.147483647000000000e+09,-2.147483647000000000e+09,-2.147483647000000000e+09,-2.147483647000000000e+09,-2.147483647000000000e+09,-2.147483647000000000e+09,-2.147483647000000000e+09,-2.147483647000000000e+09,-2.147483647000000000e+09,-2.147483647000000000e+09,-2.147483647000000000e+09,-2.147483647000000000e+09,-2.147483647000000000e+09,-2.147483647000000000e+09,-2.147483647000000000e+09
-2.147483647000000000e+09,-2.147483647000000000e+09,-2.147483647000000000e+09,-2.147483647000000000e+09,-2.147483647000000000e+09,-2.147483647000000000e+09,-2.147483647000000000e+09,-2.147483647000000000e+09,-2.147483647000000000e+09,-2.147483647000000000e+09,-2.147483647000000000e+09,-2.147483647000000000e+09,-2.147483647000000000e+09,-2.147483647000000000e+09,-2.147483647000000000e+09,-2.147483647000000000e+09,-2.147483647000000000e+09,-2.147483647000000000e+09,-2.147483647000000000e+09,-2.147483647000000000e+09,-2.147483647000000000e+09,-2.147483647000000000e+09,-2.147483647000000000e+09,-2.147483647000000000e+09,-2.147483647000000000e+09,-2.147483647000000000e+09,-2.147483647000000000e+09,-2.147483647000000000e+09,-2.147483647000000000e+09,-2.147483647000000000e+09,-2.147483647000000000e+09,-2.147483647000000000e+09,-2.147483647000000000e+09,-2.147483647000000000e+09
-2.147483647000000000e+09,-2.147483647000000000e+09,-2.147483647000000000e+09,-2.147483647000000000e+09,-2.147483647000000000e+09,-2.147483647000000000e+09,-2.147483647000000000e+09,-2.147483647000000000e+09,-1.712330268411134115e+00,-2.147483647000000000e+09,-2.147483647000000000e+09,-2.147483647000000000e+09,-2.147483647000000000e+09,-2.405477448971079291e+00,-2.518620105070960680e+00,-2.147483647000000000e+09,-2.147483647000000000e+09,-2.312283672073132124e+00,-2.342393473544502225e+00,-2.147483647000000000e+09,-2.453105497960334169e+00,-2.443396683833372940e+00,-2.147483647000000000e+09,-2.387043747282241224e+00,-2.147483647000000000e+09,-2.291318543608086955e+00,-2.147483647000000000e+09,-2.433781225133931247e+00,-2.147483647000000000e+09,-2.147483647000000000e+09,-2.147483647000000000e+09,-2.147483647000000000e+09,-2.147483647000000000e+09,-2.147483647000000000e+09
-2.147483647000000000e+09,-2.147483647000000000e+09,-2.147483647000000000e+09,-2.147483647000000000e+09,-2.147483647000000000e+09,-2.147483647000000000e+09,-2.147483647000000000e+09,-2.147483647000000000e+09,-1.684674815212088950e+00,-2.147483647000000000e+09,-2.147483647000000000e+09,-2.147483647000000000e+09,-2.147483647000000000e+09,-2.415741230634327774e+00,-2.420583855110115756e+00,-2.147483647000000000e+09,-2.147483647000000000e+09,-2.401352493182228098e+00,-2.440192326498492381e+00,-2.147483647000000000e+09,-2.406125771934886082e+00,-2.350297322381944110e+00,-2.147483647000000000e+09,-2.368562670359237288e+00,-2.147483647000000000e+09,-2.420583855110115756e+00,-2.147483647000000000e+09,-2.401352493182228098e+00,-2.147483647000000000e+09,-2.147483647000000000e+09,-2.147483647000000000e+09,-2.147483647000000000e+09,-2.147483647000000000e+09,-2.147483647000000000e+09
-2.147483647000000000e+09,-2.147483647000000000e+09,-2.147483647000000000e+09,-2.147483647000000000e+09,-2.147483647000000000e+09,-2.147483647000000000e+09,-2.147483647000000000e+09,-2.147483647000000000e+09,-1.713621264918911757e+00,-2.147483647000000000e+09,-2.147483647000000000e+09,-2.147483647000000000e+09,-2.147483647000000000e+09,-2.441684710585084961e+00,-2.331260892970711929e+00,-2.147483647000000000e+09,-2.147483647000000000e+09,-2.472615011276443564e+00,-2.344991085782614171e+00,-2.147483647000000000e+09,-2.349610031638908580e+00,-2.436621408628538266e+00,-2.147483647000000000e+09,-2.411682460281286300e+00,-2.147483647000000000e+09,-2.291166435768833942e+00,-2.147483647000000000e+09,-2.504532614244748601e+00,-2.147483647000000000e+09,-2.147483647000000000e+09,-2.147483647000000000e+09,-2.147483647000000000e+09,-2.147483647000000000e+09,-2.147483647000000000e+09
-2.147483647000000000e+09,-2.147483647000000000e+09,-2.147483647000000000e+09,-2.147483647000000000e+09,-2.147483647000000000e+09,-2.147483647000000000e+09,-2.147483647000000000e+09,-2.147483647000000000e+09,-1.658677212025409853e+00,-2.147483647000000000e+09,-2.147483647000000000e+09,-2.147483647000000000e+09,-2.147483647000000000e+09,-2.328513313716908062e+00,-2.347118501547942326e+00,-2.147483647000000000e+09,-2.147483647000000000e+09,-2.456137239210737899e+00,-2.370872587556049904e+00,-2.147483647000000000e+09,-2.450915295229585844e+00,-2.323915604468278495e+00,-2.147483647000000000e+09,-2.430296008026850529e+00,-2.147483647000000000e+09,-2.532260934683538522e+00,-2.147483647000000000e+09,-2.456137239210737899e+00,-2.147483647000000000e+09,-2.147483647000000000e+09,-2.147483647000000000e+09,-2.147483647000000000e+09,-2.147483647000000000e+09,-2.147483647000000000e+09
-2.147483647000000000e+09,-2.147483647000000000e+09,-2.147483647000000000e+09,-2.147483647000000000e+09,-2.147483647000000000e+09,-2.147483647000000000e+09,-2.147483647000000000e+09,-2.147483647000000000e+09,-2.147483647000000000e+09,-2.147483647000000000e+09,-2.147483647000000000e+09,-2.147483647000000000e+09,-2.147483647000000000e+09,-2.147483647000000000e+09,-2.147483647000000000e+09,-2.147483647000000000e+09,-2.147483647000000000e+09,-2.147483647000000000e+09,-2.147483647000000000e+09,-2.147483647000000000e+09,-2.147483647000000000e+09,-2.147483647000000000e+09,-2.147483647000000000e+09,-2.147483647000000000e+09,-2.147483647000000000e+09,-2.147483647000000000e+09,-2.147483647000000000e+09,-2.147483647000000000e+09,-2.147483647000000000e+09,-2.147483647000000000e+09,-2.147483647000000000e+09,-2.147483647000000000e+09,-2.147483647000000000e+09,-2.147483647000000000e+09
